date,status,user,ip
Jul 12 10:37:00,Failed,user1,192.168.1.147
Jul 10 16:58:00,Failed,invaliduser,192.168.1.116
Jul 12 06:15:00,Accepted,guest,192.168.1.116
Jul 12 11:57:00,Failed,invaliduser,192.168.1.149
Jul 13 01:48:00,Accepted,guest,192.168.1.139
Jul 10 19:02:00,Failed,devops,192.168.1.139
Jul 10 13:39:00,Failed,user2,192.168.1.138
Jul 12 19:31:00,Failed,devops,192.168.1.112
Jul 10 23:44:00,Accepted,invaliduser,192.168.1.115
Jul 13 10:31:00,Accepted,user1,192.168.1.130
Jul 13 12:15:00,Failed,root,192.168.1.123
Jul 11 20:46:00,Failed,root,192.168.1.122
Jul 10 10:29:00,Accepted,test,192.168.1.103
Jul 10 14:23:00,Failed,root,192.168.1.130
Jul 12 08:47:00,Failed,user2,192.168.1.141
Jul 13 20:13:00,Failed,test,192.168.1.116
Jul 12 23:29:00,Failed,guest,192.168.1.108
Jul 10 06:15:00,Failed,invaliduser,192.168.1.118
Jul 11 18:23:00,Failed,test,192.168.1.129
Jul 12 11:55:00,Accepted,user2,192.168.1.116
Jul 12 09:58:00,Accepted,devops,192.168.1.101
Jul 10 13:48:00,Failed,user1,192.168.1.150
Jul 11 20:37:00,Failed,invaliduser,192.168.1.140
Jul 10 00:47:00,Failed,guest,192.168.1.111
Jul 10 07:25:00,Failed,invaliduser,192.168.1.139
Jul 12 02:53:00,Accepted,user1,192.168.1.107
Jul 13 11:17:00,Failed,user1,192.168.1.122
Jul 10 12:06:00,Failed,devops,192.168.1.143
Jul 11 17:17:00,Failed,guest,192.168.1.130
Jul 13 04:11:00,Accepted,admin,192.168.1.149
Jul 13 10:46:00,Failed,test,192.168.1.142
Jul 13 19:21:00,Accepted,user1,192.168.1.108
Jul 11 02:52:00,Failed,admin,192.168.1.103
Jul 11 04:04:00,Failed,invaliduser,192.168.1.145
Jul 10 21:42:00,Failed,admin,192.168.1.128
Jul 10 03:35:00,Accepted,test,192.168.1.122
Jul 12 23:16:00,Failed,invaliduser,192.168.1.136
Jul 12 08:30:00,Failed,root,192.168.1.115
Jul 13 21:04:00,Accepted,user1,192.168.1.102
Jul 12 11:54:00,Failed,invaliduser,192.168.1.102
Jul 13 22:39:00,Failed,devops,192.168.1.122
Jul 12 18:07:00,Failed,user1,192.168.1.126
Jul 10 08:36:00,Failed,root,192.168.1.130
Jul 13 01:35:00,Failed,test,192.168.1.150
Jul 10 03:46:00,Failed,invaliduser,192.168.1.119
Jul 13 11:32:00,Failed,user2,192.168.1.125
Jul 12 17:45:00,Failed,user2,192.168.1.138
Jul 10 03:23:00,Accepted,devops,192.168.1.127
Jul 13 09:10:00,Failed,admin,192.168.1.132
Jul 10 08:19:00,Accepted,admin,192.168.1.112
Jul 11 23:24:00,Failed,user1,192.168.1.112
Jul 13 04:33:00,Accepted,root,192.168.1.142
Jul 10 23:38:00,Failed,user1,192.168.1.107
Jul 11 08:10:00,Failed,test,192.168.1.114
Jul 10 11:35:00,Failed,admin,192.168.1.122
Jul 13 16:37:00,Failed,user1,192.168.1.103
Jul 11 14:11:00,Failed,user2,192.168.1.101
Jul 12 20:18:00,Failed,guest,192.168.1.143
Jul 13 01:14:00,Failed,root,192.168.1.133
Jul 10 23:37:00,Failed,admin,192.168.1.150
Jul 11 07:22:00,Failed,devops,192.168.1.100
Jul 13 07:11:00,Accepted,user1,192.168.1.142
Jul 12 11:55:00,Failed,user2,192.168.1.106
Jul 12 06:40:00,Failed,invaliduser,192.168.1.109
Jul 12 10:49:00,Failed,user2,192.168.1.126
Jul 13 10:51:00,Failed,root,192.168.1.146
Jul 10 08:14:00,Failed,admin,192.168.1.137
Jul 13 17:24:00,Failed,devops,192.168.1.110
Jul 11 00:33:00,Accepted,invaliduser,192.168.1.134
Jul 10 06:59:00,Failed,invaliduser,192.168.1.111
Jul 10 16:05:00,Failed,root,192.168.1.106
Jul 13 09:54:00,Failed,user1,192.168.1.144
Jul 10 22:29:00,Failed,user2,192.168.1.113
Jul 11 15:44:00,Failed,devops,192.168.1.149
Jul 11 10:40:00,Failed,user2,192.168.1.105
Jul 13 11:15:00,Failed,guest,192.168.1.113
Jul 12 10:57:00,Failed,devops,192.168.1.145
Jul 12 18:35:00,Failed,user2,192.168.1.118
Jul 12 16:57:00,Failed,user2,192.168.1.134
Jul 11 08:43:00,Failed,guest,192.168.1.121
Jul 13 10:27:00,Failed,devops,192.168.1.122
Jul 11 15:37:00,Failed,user2,192.168.1.115
Jul 13 05:41:00,Failed,test,192.168.1.128
Jul 13 19:12:00,Failed,user2,192.168.1.141
Jul 13 19:24:00,Failed,user2,192.168.1.112
Jul 11 18:29:00,Failed,admin,192.168.1.103
Jul 10 11:38:00,Failed,user2,192.168.1.107
Jul 10 16:07:00,Failed,devops,192.168.1.141
Jul 12 09:22:00,Failed,root,192.168.1.106
Jul 13 17:46:00,Failed,devops,192.168.1.147
Jul 12 05:02:00,Failed,test,192.168.1.102
Jul 13 09:53:00,Accepted,user2,192.168.1.149
Jul 10 04:17:00,Failed,test,192.168.1.106
Jul 10 20:43:00,Accepted,root,192.168.1.146
Jul 10 13:06:00,Failed,root,192.168.1.120
Jul 11 08:09:00,Failed,test,192.168.1.117
Jul 10 05:40:00,Failed,root,192.168.1.136
Jul 12 23:13:00,Accepted,user2,192.168.1.139
Jul 11 17:28:00,Accepted,test,192.168.1.114
Jul 13 02:53:00,Failed,invaliduser,192.168.1.125
Jul 11 04:21:00,Failed,user2,192.168.1.108
Jul 10 17:53:00,Accepted,devops,192.168.1.115
Jul 11 18:43:00,Failed,guest,192.168.1.125
Jul 13 04:54:00,Failed,admin,192.168.1.135
Jul 12 05:16:00,Failed,root,192.168.1.147
Jul 12 13:26:00,Failed,guest,192.168.1.111
Jul 12 15:50:00,Failed,root,192.168.1.102
Jul 10 10:56:00,Failed,test,192.168.1.109
Jul 13 15:41:00,Failed,guest,192.168.1.134
Jul 11 21:39:00,Failed,devops,192.168.1.119
Jul 10 03:09:00,Failed,root,192.168.1.112
Jul 11 20:22:00,Failed,invaliduser,192.168.1.142
Jul 10 02:06:00,Failed,devops,192.168.1.106
Jul 11 08:22:00,Accepted,root,192.168.1.126
Jul 10 01:11:00,Failed,test,192.168.1.113
Jul 13 20:43:00,Failed,admin,192.168.1.105
Jul 10 10:25:00,Failed,user2,192.168.1.130
Jul 11 04:36:00,Accepted,user1,192.168.1.124
Jul 10 22:08:00,Failed,test,192.168.1.147
Jul 11 09:02:00,Failed,test,192.168.1.116
Jul 10 08:43:00,Failed,test,192.168.1.136
Jul 13 23:12:00,Failed,devops,192.168.1.123
Jul 11 06:54:00,Failed,test,192.168.1.120
Jul 10 20:06:00,Failed,root,192.168.1.119
Jul 13 10:48:00,Failed,admin,192.168.1.144
Jul 11 22:57:00,Failed,user2,192.168.1.105
Jul 13 17:57:00,Accepted,root,192.168.1.120
Jul 13 06:39:00,Accepted,user1,192.168.1.147
Jul 10 21:27:00,Failed,devops,192.168.1.140
Jul 11 18:29:00,Failed,invaliduser,192.168.1.101
Jul 11 08:39:00,Failed,root,192.168.1.106
Jul 11 21:15:00,Failed,user1,192.168.1.146
Jul 10 23:21:00,Failed,user2,192.168.1.105
Jul 13 19:40:00,Failed,user2,192.168.1.117
Jul 13 17:34:00,Failed,user2,192.168.1.126
Jul 12 19:43:00,Failed,test,192.168.1.138
Jul 12 00:06:00,Failed,user2,192.168.1.127
Jul 13 03:10:00,Accepted,guest,192.168.1.103
Jul 10 02:19:00,Failed,user1,192.168.1.123
Jul 13 08:54:00,Failed,root,192.168.1.126
Jul 11 18:57:00,Failed,user1,192.168.1.109
Jul 13 16:48:00,Failed,guest,192.168.1.135
Jul 12 22:18:00,Failed,invaliduser,192.168.1.114
Jul 11 22:05:00,Accepted,guest,192.168.1.132
Jul 10 14:57:00,Failed,user1,192.168.1.147
Jul 11 02:57:00,Failed,user2,192.168.1.135
Jul 11 10:51:00,Failed,test,192.168.1.143
Jul 12 13:45:00,Failed,test,192.168.1.121
Jul 11 18:47:00,Failed,user2,192.168.1.141
Jul 13 18:14:00,Failed,invaliduser,192.168.1.109
Jul 12 22:36:00,Failed,user1,192.168.1.148
Jul 12 23:55:00,Accepted,test,192.168.1.121
Jul 13 14:17:00,Failed,devops,192.168.1.130
Jul 12 00:00:00,Failed,user2,192.168.1.114
Jul 11 00:11:00,Failed,admin,192.168.1.143
Jul 13 06:10:00,Failed,user2,192.168.1.104
Jul 11 14:50:00,Accepted,invaliduser,192.168.1.130
Jul 13 23:32:00,Failed,user2,192.168.1.123
Jul 10 03:55:00,Failed,root,192.168.1.143
Jul 10 06:25:00,Accepted,user2,192.168.1.109
Jul 12 04:52:00,Failed,test,192.168.1.142
Jul 13 15:45:00,Failed,user1,192.168.1.100
Jul 10 15:26:00,Failed,invaliduser,192.168.1.121
Jul 11 15:47:00,Failed,guest,192.168.1.114
Jul 13 02:10:00,Failed,user1,192.168.1.126
Jul 13 22:42:00,Failed,invaliduser,192.168.1.116
Jul 13 19:15:00,Accepted,test,192.168.1.119
Jul 12 14:02:00,Failed,admin,192.168.1.128
Jul 12 02:03:00,Failed,devops,192.168.1.113
Jul 12 18:42:00,Failed,user1,192.168.1.123
Jul 11 18:21:00,Failed,devops,192.168.1.115
Jul 12 16:34:00,Failed,guest,192.168.1.104
Jul 11 10:05:00,Failed,user2,192.168.1.114
Jul 11 16:15:00,Failed,invaliduser,192.168.1.139
Jul 11 02:47:00,Failed,invaliduser,192.168.1.129
Jul 13 23:59:00,Failed,test,192.168.1.135
Jul 10 01:27:00,Failed,admin,192.168.1.127
Jul 13 14:26:00,Failed,admin,192.168.1.116
Jul 10 15:41:00,Failed,test,192.168.1.113
Jul 11 10:29:00,Failed,devops,192.168.1.131
Jul 13 11:40:00,Failed,devops,192.168.1.141
Jul 12 07:40:00,Failed,devops,192.168.1.129
Jul 12 06:36:00,Accepted,admin,192.168.1.140
Jul 11 17:45:00,Failed,user1,192.168.1.127
Jul 13 23:41:00,Accepted,test,192.168.1.126
Jul 12 20:06:00,Failed,root,192.168.1.102
Jul 12 18:39:00,Failed,user1,192.168.1.116
Jul 10 00:03:00,Failed,test,192.168.1.107
Jul 11 11:21:00,Failed,test,192.168.1.115
Jul 11 02:53:00,Failed,user2,192.168.1.109
Jul 13 15:52:00,Failed,test,192.168.1.129
Jul 13 17:33:00,Failed,devops,192.168.1.103
Jul 13 07:48:00,Failed,user2,192.168.1.149
Jul 13 11:02:00,Failed,invaliduser,192.168.1.135
Jul 12 08:16:00,Failed,root,192.168.1.125
Jul 10 23:20:00,Failed,guest,192.168.1.131
Jul 10 19:07:00,Failed,user1,192.168.1.125
Jul 10 12:31:00,Accepted,invaliduser,192.168.1.126
Jul 12 19:02:00,Failed,invaliduser,192.168.1.113
Jul 13 10:03:00,Failed,test,192.168.1.104
Jul 12 18:24:00,Failed,test,192.168.1.144
Jul 10 17:00:00,Failed,guest,192.168.1.123
Jul 10 19:17:00,Accepted,guest,192.168.1.126
Jul 11 01:20:00,Failed,guest,192.168.1.122
Jul 10 21:04:00,Failed,invaliduser,192.168.1.130
Jul 11 16:36:00,Failed,root,192.168.1.130
Jul 10 19:54:00,Failed,admin,192.168.1.105
Jul 12 04:56:00,Failed,root,192.168.1.139
Jul 10 19:31:00,Failed,test,192.168.1.102
Jul 13 04:40:00,Failed,test,192.168.1.104
Jul 12 03:41:00,Failed,invaliduser,192.168.1.131
Jul 12 09:35:00,Failed,devops,192.168.1.136
Jul 13 20:20:00,Failed,guest,192.168.1.114
Jul 13 09:10:00,Failed,guest,192.168.1.131
Jul 12 05:36:00,Accepted,admin,192.168.1.119
Jul 10 23:32:00,Failed,admin,192.168.1.140
Jul 12 20:04:00,Accepted,user2,192.168.1.149
Jul 11 07:16:00,Failed,guest,192.168.1.102
Jul 13 01:27:00,Failed,test,192.168.1.132
Jul 10 20:54:00,Failed,admin,192.168.1.115
Jul 12 14:42:00,Failed,guest,192.168.1.116
Jul 12 09:24:00,Accepted,user2,192.168.1.125
Jul 13 09:03:00,Failed,devops,192.168.1.119
Jul 13 00:48:00,Accepted,admin,192.168.1.150
Jul 11 18:58:00,Failed,devops,192.168.1.120
Jul 10 10:16:00,Failed,invaliduser,192.168.1.130
Jul 11 11:05:00,Failed,user1,192.168.1.134
Jul 13 05:12:00,Failed,invaliduser,192.168.1.120
Jul 11 03:11:00,Failed,user2,192.168.1.145
Jul 11 20:05:00,Failed,invaliduser,192.168.1.130
Jul 11 04:45:00,Accepted,test,192.168.1.104
Jul 10 15:29:00,Accepted,invaliduser,192.168.1.122
Jul 13 16:45:00,Failed,root,192.168.1.141
Jul 11 04:21:00,Failed,user1,192.168.1.149
Jul 12 07:50:00,Failed,devops,192.168.1.100
Jul 11 10:33:00,Failed,test,192.168.1.119
Jul 11 16:46:00,Failed,user1,192.168.1.116
Jul 12 09:28:00,Failed,devops,192.168.1.120
Jul 11 04:39:00,Failed,guest,192.168.1.123
Jul 12 14:07:00,Failed,admin,192.168.1.110
Jul 12 13:28:00,Failed,invaliduser,192.168.1.129
Jul 13 16:09:00,Accepted,invaliduser,192.168.1.143
Jul 10 09:18:00,Failed,user2,192.168.1.112
Jul 10 00:04:00,Failed,test,192.168.1.111
Jul 12 22:08:00,Failed,invaliduser,192.168.1.104
Jul 13 00:15:00,Accepted,guest,192.168.1.133
Jul 13 19:36:00,Accepted,root,192.168.1.128
Jul 10 09:44:00,Failed,guest,192.168.1.120
Jul 12 01:36:00,Failed,root,192.168.1.113
Jul 11 08:13:00,Failed,root,192.168.1.112
Jul 12 14:24:00,Failed,guest,192.168.1.135
Jul 12 11:09:00,Failed,user2,192.168.1.123
Jul 13 06:22:00,Failed,test,192.168.1.150
Jul 13 00:33:00,Failed,admin,192.168.1.123
Jul 13 19:20:00,Failed,devops,192.168.1.101
Jul 12 02:38:00,Failed,devops,192.168.1.123
Jul 13 10:54:00,Failed,invaliduser,192.168.1.127
Jul 11 22:36:00,Failed,user1,192.168.1.101
Jul 13 01:42:00,Failed,user2,192.168.1.103
Jul 11 13:19:00,Failed,test,192.168.1.114
Jul 11 03:56:00,Failed,admin,192.168.1.102
Jul 11 21:35:00,Accepted,admin,192.168.1.112
Jul 13 01:11:00,Failed,user2,192.168.1.142
Jul 11 06:29:00,Failed,test,192.168.1.142
Jul 11 18:20:00,Failed,user2,192.168.1.102
Jul 12 20:05:00,Failed,test,192.168.1.102
Jul 10 19:45:00,Failed,user2,192.168.1.121
Jul 10 20:35:00,Failed,user1,192.168.1.135
Jul 11 03:30:00,Failed,user1,192.168.1.148
Jul 10 00:24:00,Accepted,guest,192.168.1.101
Jul 11 08:16:00,Failed,root,192.168.1.100
Jul 11 12:15:00,Accepted,user1,192.168.1.146
Jul 12 19:22:00,Failed,devops,192.168.1.101
Jul 13 11:23:00,Accepted,devops,192.168.1.101
Jul 13 11:52:00,Failed,root,192.168.1.113
Jul 10 16:46:00,Failed,admin,192.168.1.149
Jul 13 10:43:00,Failed,test,192.168.1.114
Jul 12 15:12:00,Accepted,invaliduser,192.168.1.126
Jul 10 13:45:00,Failed,user2,192.168.1.150
Jul 12 14:09:00,Failed,admin,192.168.1.100
Jul 11 06:39:00,Failed,user1,192.168.1.103
Jul 13 08:32:00,Failed,invaliduser,192.168.1.113
Jul 13 06:51:00,Failed,user2,192.168.1.110
Jul 13 17:57:00,Failed,devops,192.168.1.101
Jul 13 08:03:00,Failed,user2,192.168.1.114
Jul 12 19:03:00,Failed,root,192.168.1.139
Jul 10 09:23:00,Failed,invaliduser,192.168.1.134
Jul 12 16:26:00,Failed,user2,192.168.1.141
Jul 11 12:11:00,Failed,invaliduser,192.168.1.147
Jul 10 10:17:00,Failed,guest,192.168.1.108
Jul 13 20:40:00,Failed,root,192.168.1.135
Jul 12 09:11:00,Failed,devops,192.168.1.139
Jul 12 15:55:00,Failed,user2,192.168.1.130
Jul 11 03:24:00,Failed,user2,192.168.1.103
Jul 12 19:31:00,Failed,root,192.168.1.137
Jul 13 22:24:00,Accepted,user1,192.168.1.112
Jul 11 03:34:00,Failed,guest,192.168.1.124
Jul 11 07:18:00,Accepted,user2,192.168.1.106
Jul 11 00:21:00,Failed,guest,192.168.1.108
Jul 13 10:49:00,Failed,root,192.168.1.128
Jul 11 20:37:00,Failed,root,192.168.1.145
Jul 12 23:40:00,Failed,invaliduser,192.168.1.104
Jul 11 07:30:00,Failed,devops,192.168.1.129
Jul 11 22:25:00,Failed,root,192.168.1.136
Jul 13 01:09:00,Failed,guest,192.168.1.138
Jul 13 05:38:00,Accepted,root,192.168.1.134
Jul 13 23:49:00,Failed,admin,192.168.1.118
Jul 10 12:11:00,Failed,user1,192.168.1.133
Jul 12 04:33:00,Failed,admin,192.168.1.126
Jul 12 08:27:00,Accepted,test,192.168.1.140
Jul 12 10:00:00,Failed,guest,192.168.1.137
Jul 13 22:15:00,Failed,invaliduser,192.168.1.145
Jul 10 05:19:00,Failed,test,192.168.1.113
Jul 10 01:40:00,Failed,root,192.168.1.127
Jul 11 14:04:00,Failed,invaliduser,192.168.1.110
Jul 12 18:09:00,Failed,guest,192.168.1.137
Jul 12 11:06:00,Failed,root,192.168.1.114
Jul 12 07:13:00,Failed,root,192.168.1.135
Jul 10 18:05:00,Failed,user1,192.168.1.139
Jul 12 00:38:00,Failed,admin,192.168.1.127
Jul 10 08:47:00,Failed,admin,192.168.1.130
Jul 10 15:27:00,Failed,devops,192.168.1.118
Jul 12 23:33:00,Failed,test,192.168.1.142
Jul 11 19:35:00,Failed,root,192.168.1.106
Jul 11 13:02:00,Failed,user2,192.168.1.147
Jul 12 01:20:00,Failed,admin,192.168.1.136
Jul 10 04:04:00,Failed,user1,192.168.1.150
Jul 12 16:38:00,Failed,user2,192.168.1.145
Jul 11 16:45:00,Failed,test,192.168.1.139
Jul 11 20:44:00,Failed,root,192.168.1.149
Jul 10 00:07:00,Accepted,test,192.168.1.113
Jul 10 23:35:00,Failed,test,192.168.1.146
Jul 11 00:15:00,Accepted,user2,192.168.1.127
Jul 13 04:40:00,Failed,guest,192.168.1.146
Jul 12 04:04:00,Failed,invaliduser,192.168.1.102
Jul 13 11:22:00,Failed,user1,192.168.1.124
Jul 10 00:59:00,Failed,admin,192.168.1.143
Jul 11 10:53:00,Failed,test,192.168.1.126
Jul 10 11:45:00,Failed,user2,192.168.1.118
Jul 10 01:41:00,Failed,invaliduser,192.168.1.134
Jul 11 14:04:00,Failed,test,192.168.1.127
Jul 12 06:56:00,Failed,guest,192.168.1.148
Jul 10 14:17:00,Failed,test,192.168.1.113
Jul 13 11:14:00,Failed,invaliduser,192.168.1.117
Jul 12 11:29:00,Failed,user2,192.168.1.125
Jul 12 10:13:00,Failed,invaliduser,192.168.1.114
Jul 12 18:46:00,Failed,devops,192.168.1.130
Jul 12 01:12:00,Failed,user1,192.168.1.107
Jul 13 08:00:00,Failed,user2,192.168.1.140
Jul 13 17:26:00,Failed,guest,192.168.1.146
Jul 10 05:59:00,Failed,guest,192.168.1.138
Jul 13 03:43:00,Failed,test,192.168.1.141
Jul 10 23:53:00,Failed,test,192.168.1.150
Jul 13 09:38:00,Failed,invaliduser,192.168.1.118
Jul 12 12:58:00,Failed,user1,192.168.1.105
Jul 13 20:21:00,Failed,admin,192.168.1.128
Jul 10 01:15:00,Accepted,guest,192.168.1.136
Jul 13 11:14:00,Accepted,test,192.168.1.134
Jul 11 10:52:00,Accepted,test,192.168.1.148
Jul 12 23:14:00,Accepted,user2,192.168.1.113
Jul 13 06:33:00,Failed,user1,192.168.1.147
Jul 12 05:20:00,Failed,test,192.168.1.134
Jul 10 16:20:00,Failed,test,192.168.1.113
Jul 10 01:09:00,Failed,admin,192.168.1.126
Jul 12 15:31:00,Failed,user2,192.168.1.109
Jul 13 13:38:00,Accepted,root,192.168.1.133
Jul 11 23:47:00,Failed,devops,192.168.1.113
Jul 12 19:39:00,Accepted,invaliduser,192.168.1.135
Jul 13 00:22:00,Failed,admin,192.168.1.147
Jul 10 17:20:00,Failed,guest,192.168.1.118
Jul 11 15:03:00,Failed,guest,192.168.1.113
Jul 13 00:27:00,Failed,root,192.168.1.116
Jul 13 03:11:00,Failed,admin,192.168.1.134
Jul 10 11:42:00,Failed,admin,192.168.1.106
Jul 11 19:58:00,Failed,invaliduser,192.168.1.145
Jul 10 00:10:00,Failed,admin,192.168.1.137
Jul 10 17:55:00,Failed,user2,192.168.1.142
Jul 12 23:39:00,Failed,test,192.168.1.143
Jul 13 02:34:00,Failed,guest,192.168.1.106
Jul 10 02:18:00,Failed,user2,192.168.1.113
Jul 13 00:03:00,Failed,invaliduser,192.168.1.146
Jul 12 02:12:00,Failed,test,192.168.1.121
Jul 13 12:43:00,Failed,user1,192.168.1.132
Jul 13 23:24:00,Failed,invaliduser,192.168.1.137
Jul 12 00:14:00,Accepted,user2,192.168.1.109
Jul 11 06:13:00,Failed,devops,192.168.1.122
Jul 10 21:54:00,Failed,user1,192.168.1.127
Jul 10 16:32:00,Failed,invaliduser,192.168.1.124
Jul 11 04:41:00,Failed,admin,192.168.1.145
Jul 13 21:41:00,Failed,root,192.168.1.124
Jul 12 21:56:00,Accepted,devops,192.168.1.142
Jul 13 07:32:00,Failed,user1,192.168.1.106
Jul 10 04:37:00,Failed,user2,192.168.1.143
Jul 11 10:58:00,Failed,root,192.168.1.108
Jul 10 13:30:00,Failed,user1,192.168.1.101
Jul 13 19:33:00,Failed,root,192.168.1.141
Jul 11 16:39:00,Accepted,invaliduser,192.168.1.102
Jul 12 21:43:00,Failed,admin,192.168.1.126
Jul 11 02:19:00,Failed,guest,192.168.1.147
Jul 12 00:29:00,Failed,user1,192.168.1.143
Jul 11 16:56:00,Accepted,devops,192.168.1.140
Jul 11 03:12:00,Failed,invaliduser,192.168.1.147
Jul 10 02:37:00,Failed,user2,192.168.1.144
Jul 11 05:00:00,Failed,root,192.168.1.149
Jul 12 22:58:00,Failed,guest,192.168.1.106
Jul 11 17:14:00,Failed,guest,192.168.1.108
Jul 13 13:34:00,Failed,root,192.168.1.145
Jul 11 21:04:00,Accepted,user1,192.168.1.132
Jul 12 21:47:00,Failed,invaliduser,192.168.1.145
Jul 11 16:01:00,Failed,devops,192.168.1.139
Jul 10 01:06:00,Failed,guest,192.168.1.110
Jul 13 11:59:00,Accepted,user1,192.168.1.141
Jul 10 05:18:00,Failed,devops,192.168.1.107
Jul 10 08:29:00,Failed,devops,192.168.1.139
Jul 12 17:07:00,Failed,invaliduser,192.168.1.107
Jul 13 05:04:00,Failed,user1,192.168.1.117
Jul 11 23:57:00,Failed,user2,192.168.1.105
Jul 10 18:51:00,Failed,user1,192.168.1.130
Jul 10 02:33:00,Failed,guest,192.168.1.103
Jul 12 13:42:00,Failed,user2,192.168.1.105
Jul 10 17:05:00,Failed,root,192.168.1.110
Jul 10 11:13:00,Failed,test,192.168.1.107
Jul 11 14:29:00,Failed,devops,192.168.1.100
Jul 13 10:15:00,Failed,admin,192.168.1.113
Jul 11 18:39:00,Failed,devops,192.168.1.104
Jul 13 17:34:00,Failed,devops,192.168.1.117
Jul 12 19:17:00,Failed,root,192.168.1.124
Jul 10 19:01:00,Accepted,user1,192.168.1.146
Jul 12 21:20:00,Accepted,admin,192.168.1.139
Jul 13 11:31:00,Failed,test,192.168.1.131
Jul 13 04:03:00,Failed,user2,192.168.1.110
Jul 11 13:57:00,Failed,root,192.168.1.104
Jul 10 07:59:00,Failed,devops,192.168.1.114
Jul 10 21:33:00,Failed,devops,192.168.1.142
Jul 11 04:15:00,Failed,admin,192.168.1.147
Jul 11 07:07:00,Accepted,guest,192.168.1.103
Jul 11 01:11:00,Failed,test,192.168.1.114
Jul 12 16:29:00,Failed,test,192.168.1.144
Jul 12 13:19:00,Failed,admin,192.168.1.149
Jul 12 10:00:00,Accepted,admin,192.168.1.129
Jul 12 17:57:00,Failed,guest,192.168.1.108
Jul 12 21:31:00,Failed,guest,192.168.1.135
Jul 12 11:26:00,Failed,devops,192.168.1.146
Jul 12 18:41:00,Failed,test,192.168.1.141
Jul 10 19:58:00,Failed,user2,192.168.1.119
Jul 11 14:01:00,Failed,user1,192.168.1.125
Jul 10 02:02:00,Accepted,devops,192.168.1.119
Jul 10 13:50:00,Failed,invaliduser,192.168.1.119
Jul 13 16:45:00,Failed,admin,192.168.1.129
Jul 13 19:29:00,Failed,devops,192.168.1.126
Jul 12 12:39:00,Failed,user1,192.168.1.133
Jul 12 16:35:00,Failed,user1,192.168.1.104
Jul 11 15:17:00,Failed,devops,192.168.1.132
Jul 10 21:28:00,Accepted,invaliduser,192.168.1.105
Jul 12 18:18:00,Failed,user1,192.168.1.128
Jul 13 02:36:00,Failed,invaliduser,192.168.1.123
Jul 12 09:59:00,Failed,devops,192.168.1.106
Jul 10 23:04:00,Failed,root,192.168.1.114
Jul 12 09:52:00,Failed,guest,192.168.1.111
Jul 13 05:19:00,Accepted,guest,192.168.1.110
Jul 10 23:35:00,Failed,invaliduser,192.168.1.108
Jul 10 01:47:00,Failed,guest,192.168.1.122
Jul 12 16:33:00,Failed,test,192.168.1.134
Jul 11 08:33:00,Failed,user2,192.168.1.132
Jul 11 00:23:00,Failed,admin,192.168.1.121
Jul 12 04:51:00,Accepted,user1,192.168.1.128
Jul 11 14:54:00,Failed,test,192.168.1.112
Jul 11 13:42:00,Failed,devops,192.168.1.128
Jul 13 23:56:00,Accepted,guest,192.168.1.127
Jul 11 17:20:00,Accepted,devops,192.168.1.132
Jul 10 15:49:00,Accepted,devops,192.168.1.109
Jul 10 05:02:00,Failed,user1,192.168.1.131
Jul 10 16:28:00,Accepted,user1,192.168.1.131
Jul 10 17:20:00,Accepted,devops,192.168.1.119
Jul 11 22:08:00,Failed,test,192.168.1.137
Jul 13 03:27:00,Failed,root,192.168.1.129
Jul 12 00:12:00,Failed,test,192.168.1.110
Jul 11 12:55:00,Failed,guest,192.168.1.137
Jul 10 12:47:00,Failed,user1,192.168.1.136
Jul 13 08:47:00,Failed,user2,192.168.1.110
Jul 11 13:12:00,Failed,user2,192.168.1.138
Jul 13 09:41:00,Failed,admin,192.168.1.100
Jul 10 00:26:00,Accepted,guest,192.168.1.103
Jul 13 08:01:00,Failed,test,192.168.1.107
Jul 10 01:19:00,Failed,guest,192.168.1.115
Jul 10 11:11:00,Failed,test,192.168.1.135
Jul 10 18:11:00,Failed,user2,192.168.1.107
Jul 11 21:43:00,Failed,invaliduser,192.168.1.123
Jul 10 04:44:00,Failed,root,192.168.1.113
Jul 12 02:33:00,Accepted,devops,192.168.1.147
Jul 10 11:10:00,Failed,root,192.168.1.110
Jul 13 20:12:00,Failed,user1,192.168.1.140
Jul 12 23:25:00,Failed,admin,192.168.1.122
Jul 11 20:37:00,Failed,invaliduser,192.168.1.116
Jul 13 10:08:00,Accepted,root,192.168.1.112
Jul 13 20:10:00,Failed,user2,192.168.1.102
Jul 12 07:01:00,Failed,invaliduser,192.168.1.142
Jul 10 09:48:00,Failed,root,192.168.1.141
Jul 11 07:48:00,Accepted,root,192.168.1.150
Jul 10 05:51:00,Failed,root,192.168.1.101
